Name,Sequence
guide RNA 1 ,uaauuucuacuaaguguagauccugcugguggcuccaguuc
guide RNA 2,uaauuucuacuaaguguagaucugcugguggcuccaguuca
guide RNA 3,uaauuucuacuaaguguagaucuguuccugaacuggagcca
guide RNA 4,uaauuucuacuaaguguagauucuuguugacaagaauccuc
guide RNA 5,uaauuucuacuaaguguagaucuuguugacaagaauccuca
guide RNA 6,uaauuucuacuaaguguagauuuguugacaagaauccucac
guide RNA 7,uaauuucuacuaaguguagaucuagggggaucacccgugug
guide RNA 8,uaauuucuacuaaguguagauuagggggaucacccgugugu
guide RNA 9,uaauuucuacuaaguguagaugccaagacacacgggugauc
guide RNA 10,uaauuucuacuaaguguagauggccaagacacacgggugau
guide RNA 11,uaauuucuacuaaguguagauuccugguuaucgcuggaugu
guide RNA 12,uaauuucuacuaaguguagauaucauauuccucuucauccu
guide RNA 13,uaauuucuacuaaguguagauucauauuccucuucauccug
guide RNA 14,uaauuucuacuaaguguagauuccucuaauuccaggaucaa
guide RNA 15,uaauuucuacuaaguguagaucauggucccguacugguugu
guide RNA 16,uaauuucuacuaaguguagaugcauggucccguacugguug
guide RNA 17,uaauuucuacuaaguguagauuacagcaacaugagggaaac
guide RNA 18,uaauuucuacuaaguguagauguacagcaacaugagggaaa
guide RNA 19,uaauuucuacuaaguguagauccucauguugcuguacaaaa
guide RNA 20,uaauuucuacuaaguguagaucauccguagguuuuguacag
guide RNA 21,uaauuucuacuaaguguagaucgaaagcccaggacgauggg
guide RNA 22,uaauuucuacuaaguguagaugcgaaagcccaggacgaugg
guide RNA 23,uaauuucuacuaaguguagaugcaaaauaccuaugggagug
guide RNA 24,uaauuucuacuaaguguagauucuuggcucaguuuacuagu
guide RNA 25,uaauuucuacuaaguguagaucuagugccauuuguucagug
guide RNA 26,uaauuucuacuaaguguagauuucagugguucguagggcuu
guide RNA 27,uaauuucuacuaaguguagauccccacuguuuggcuuucag
guide RNA 28,uaauuucuacuaaguguagaugcuuucagcuauauggauga
guide RNA 29,uaauuucuacuaaguguagauagcuauauggaugauguggu
guide RNA 30,uaauuucuacuaaguguagauuaccgcuguuaccaauuuuc
guide RNA 31,uaauuucuacuaaguguagaucuuuugucucuggguauaca
guide RNA 32,uaauuucuacuaaguguagauuuuugucucuggguauacau
guide RNA 33,uaauuucuacuaaguguagauaauguauacccagagacaaa
guide RNA 34,uaauuucuacuaaguguagaugucucuggguauacauuuaa
guide RNA 35,uaauuucuacuaaguguagauucucuggguauacauuuaaa
guide RNA 36,uaauuucuacuaaguguagauuuaggguuuaaauguauacc
guide RNA 37,uaauuucuacuaaguguagauguuaggguuuaaauguauac
guide RNA 38,uaauuucuacuaaguguagauuuuuguuaggguuuaaaugu
guide RNA 39,uaauuucuacuaaguguagauguuuuguuaggguuuaaaug
guide RNA 40,uaauuucuacuaaguguagauuguuuuguuaggguuuaaau
guide RNA 41,uaauuucuacuaaguguagauaacccuaacaaaacaaaaag
guide RNA 42,uaauuucuacuaaguguagaugggaauaaccccaucuuuuu
guide RNA 43,uaauuucuacuaaguguagauuacaauaugauccuguggca
guide RNA 44,uaauuucuacuaaguguagauguacaauaugauccuguggc
guide RNA 45,uaauuucuacuaaguguagauaucuuuuguacaauaugauc
guide RNA 46,uaauuucuacuaaguguagauuaaaacaguguuugaucuuu
guide RNA 47,uaauuucuacuaaguguagaucuaaaacaguguuugaucuu
guide RNA 48,uaauuucuacuaaguguagauagaaaacuuccuguuaacag
guide RNA 49,uaauuucuacuaaguguagaugaaaacuuccuguuaacagg
guide RNA 50,uaauuucuacuaaguguagaucaaucaauaggccuguuaac
guide RNA 51,uaauuucuacuaaguguagauacauacuuuccaaucaauag
guide RNA 52,uaauuucuacuaaguguagaugggcuuugcugcuccauuua
guide RNA 53,uaauuucuacuaaguguagauggcuuugcugcuccauuuac
guide RNA 54,uaauuucuacuaaguguagaucugcuccauuuacacaaugu
guide RNA 55,uaauuucuacuaaguguagaucacaauguggauauccugcc
guide RNA 56,uaauuucuacuaaguguagaugcuuguauacaugcauacaa
guide RNA 57,uaauuucuacuaaguguagauuaugcauguauacaagcuaa
guide RNA 58,uaauuucuacuaaguguagauacuuucucgccaacuuacaa
guide RNA 59,uaauuucuacuaaguguagauucgccaacuuacaaggccuu
guide RNA 60,uaauuucuacuaaguguagaucuuagaaaggccuuguaagu
guide RNA 61,uaauuucuacuaaguguagauuaaguaaacaguacaugaac
guide RNA 62,uaauuucuacuaaguguagauccccguugcucggcaacggc
guide RNA 63,uaauuucuacuaaguguagaucugacgcaacccccacuggc
guide RNA 64,uaauuucuacuaaguguagauuggcuccucugccgauccau
guide RNA 65,uaauuucuacuaaguguagaucuccagaccggcugcgagca
guide RNA 66,uaauuucuacuaaguguagaugcucgcagccggucuggagc
guide RNA 67,uaauuucuacuaaguguagaucucgcagccggucuggagca
guide RNA 68,uaauuucuacuaaguguagaucgcgagaggacgacagaauu
guide RNA 69,uaauuucuacuaaguguagaucauggcugcuaggcuguacu
guide RNA 70,uaauuucuacuaaguguagauuuuacgucccgucggcgcug
guide RNA 71,uaauuucuacuaaguguagaucgucccgucggcgcugaauc
guide RNA 72,uaauuucuacuaaguguagaucgcggucuccccgucugugc
guide RNA 73,uaauuucuacuaaguguagauaaguaggccucaaggucggu
guide RNA 74,uaauuucuacuaaguguagauaggacugggaggagcugggg
guide RNA 75,uaauuucuacuaaguguagauaccuaaucuccucccccagc
guide RNA 76,uaauuucuacuaaguguagauugccuacagccuccuaauac
guide RNA 77,uaauuucuacuaaguguagauuauuaggaggcuguaggcau
guide RNA 78,uaauuucuacuaaguguagauucaccucugccuaaucaucu
guide RNA 79,uaauuucuacuaaguguagaucaccucugccuaaucaucuc
guide RNA 80,uaauuucuacuaaguguagauaccucugccuaaucaucucu
guide RNA 81,uaauuucuacuaaguguagaugggcauggacauugacccuu
guide RNA 82,uaauuucuacuaaguguagauuaagggucaauguccaugcc
guide RNA 83,uaauuucuacuaaguguagaugagcuacuguggaguuacuc
guide RNA 84,uaauuucuacuaaguguagauugccuucugacuucuuuccu
guide RNA 85,uaauuucuacuaaguguagaugccuucugacuucuuuccuu
guide RNA 86,uaauuucuacuaaguguagauccuucugacuucuuuccuuc
guide RNA 87,uaauuucuacuaaguguagaucuuccgucagagaucuccua
guide RNA 88,uaauuucuacuaaguguagaugaagauccagcauccaggga
guide RNA 89,uaauuucuacuaaguguagauaacccauguuaguauuaaca
guide RNA 90,uaauuucuacuaaguguagauaagaucaggcaacuauugug
guide RNA 91,uaauuucuacuaaguguagauauauaucuugccuuacuuuu
guide RNA 92,uaauuucuacuaaguguagauggaagagagacuguacuuga
guide RNA 93,uaauuucuacuaaguguagaugaagagagacuguacuugaa
guide RNA 94,uaauuucuacuaaguguagaugucucuuucggaguguggau
guide RNA 95,uaauuucuacuaaguguagauggaguguggauucgcacucc
guide RNA 96,uaauuucuacuaaguguagauguggucuauaggcuggagga
guide RNA 97,uaauuucuacuaaguguagaucggaaguguugauaagauag
guide RNA 98,uaauuucuacuaaguguagauccaccuuaugaguccaagga
guide RNA 99,uaauuucuacuaaguguagaucugggcuuuauuccucuaca
guide RNA 100,uaauuucuacuaaguguagauuuccucuacaguaccuaucu
guide RNA 101,uaauuucuacuaaguguagauccauucaggauuaaagauag
guide RNA 102,uaauuucuacuaaguguagauauccugaauggcaaacuccu
guide RNA 103,uaauuucuacuaaguguagaucuaagauucauuuacaagag
guide RNA 104,uaauuucuacuaaguguagaucaagaggacauuauuaauag
guide RNA 105,uaauuucuacuaaguguagaucagugagagggcccacaaau
guide RNA 106,uaauuucuacuaaguguagauugggcccucucacuguaaau
guide RNA 107,uaauuucuacuaaguguagauauuuacagugagagggccca
guide RNA 108,uaauuucuacuaaguguagaucauuuacagugagagggccc
guide RNA 109,uaauuucuacuaaguguagauaaucuucucuuuucauuuac
guide RNA 110,uaauuucuacuaaguguagauguguggguaggauagaaucu
guide RNA 111,uaauuucuacuaaguguagauucuaagggcaaauauuuagu
guide RNA 112,uaauuucuacuaaguguagauauuccuuugucuaagggcaa
guide RNA 113,uaauuucuacuaaguguagaucccuuagacaaaggaauuaa
guide RNA 114,uaauuucuacuaaguguagaugaaguaaugauuaacuaccu
guide RNA 115,uaauuucuacuaaguguagaucauacucuuuggaaggcugg
guide RNA 116,uaauuucuacuaaguguagaugaaggcugguauucuauaua
guide RNA 117,uaauuucuacuaaguguagauccucuuauauagaauaccag
guide RNA 118,uaauuucuacuaaguguagaugcgggucaccauauucuugg
guide RNA 119,uaauuucuacuaaguguagaucgggucaccauauucuuggg
guide RNA 120,uaauuucuacuaaguguagauaugaccaaccucccaugcug
guide RNA 121,uaauuucuacuaaguguagaugaugaccaaccucccaugcu
guide RNA 122,uaauuucuacuaaguguagaucgagguuuugaugaccaacc
guide RNA 123,uaauuucuacuaaguguagauuguucccaacccucugggau
guide RNA 124,uaauuucuacuaaguguagauccgaucaucaguuggacccu
guide RNA 125,uaauuucuacuaaguguagauaguuggcuccgaaugcaggg
guide RNA 126,uaauuucuacuaaguguagaugggguggagcccucaggcuc
guide RNA 127,uaauuucuacuaaguguagauggguggagcccucaggcuca
