Name,Author,Sequence
lbcasDNAtarget1,Akash3001,gagcagggtttactgttcctgaactggagccaccagcaggaaaatacagacccctgactc
lbcasDNAtarget2,Akash3001,ggagcagggtttactgttcctgaactggagccaccagcaggaaaatacagacccctgact
lbcasDNAtarget3,Akash3001,ggtctgtattttcctgctggtggctccagttcaggaacagtaaaccctgctccgaatatt
lbcasDNAtarget4,Akash3001,tctagactctgcggtattgtgaggattcttgtcaacaagaaaaaccccgcctgtaacacg
lbcasDNAtarget5,Akash3001,gtctagactctgcggtattgtgaggattcttgtcaacaagaaaaaccccgcctgtaacac
lbcasDNAtarget6,Akash3001,agtctagactctgcggtattgtgaggattcttgtcaacaagaaaaaccccgcctgtaaca
lbcasDNAtarget7,Akash3001,actgcgaattttggccaagacacacgggtgatccccctagaaaattgagagaagtccacc
lbcasDNAtarget8,Akash3001,gactgcgaattttggccaagacacacgggtgatccccctagaaaattgagagaagtccac
lbcasDNAtarget9,Akash3001,ttctctcaattttctagggggatcacccgtgtgtcttggccaaaattcgcagtccccaac
lbcasDNAtarget10,Akash3001,tctctcaattttctagggggatcacccgtgtgtcttggccaaaattcgcagtccccaacc
lbcasDNAtarget11,Akash3001,tatgataaaacgccgcagacacatccagcgataaccaggacaaattggaggacaggaggt
lbcasDNAtarget12,Akash3001,agaagatgaggcatagcagcaggatgaagaggaatatgataaaacgccgcagacacatcc
lbcasDNAtarget13,Akash3001,aagaagatgaggcatagcagcaggatgaagaggaatatgataaaacgccgcagacacatc
lbcasDNAtarget14,Akash3001,tggtcccgtactggttgttgttgatcctggaattagaggacaaacgggcaacataccttg
lbcasDNAtarget15,Akash3001,ctctaattccaggatcaacaacaaccagtacgggaccatgcaaaacctgcacgactcctg
lbcasDNAtarget16,Akash3001,tctaattccaggatcaacaacaaccagtacgggaccatgcaaaacctgcacgactcctgc
lbcasDNAtarget17,Akash3001,cctgctcaaggcaactctatgtttccctcatgttgctgtacaaaacctacggatggaaat
lbcasDNAtarget18,Akash3001,ctgctcaaggcaactctatgtttccctcatgttgctgtacaaaacctacggatggaaatt
lbcasDNAtarget19,Akash3001,gtgcaatttccatccgtaggttttgtacagcaacatgagggaaacatagagttgccttga
lbcasDNAtarget20,Akash3001,tctatgtttccctcatgttgctgtacaaaacctacggatggaaattgcacctgtattccc
lbcasDNAtarget21,Akash3001,aattgcacctgtattcccatcccatcgtcctgggctttcgcaaaatacctatgggagtgg
lbcasDNAtarget22,Akash3001,attgcacctgtattcccatcccatcgtcctgggctttcgcaaaatacctatgggagtggg
lbcasDNAtarget23,Akash3001,aagagaaacggactgaggcccactcccataggtattttgcgaaagcccaggacgatggga
lbcasDNAtarget24,Akash3001,cgaaccactgaacaaatggcactagtaaactgagccaagagaaacggactgaggcccact
lbcasDNAtarget25,Akash3001,tgggggaaagccctacgaaccactgaacaaatggcactagtaaactgagccaagagaaac
lbcasDNAtarget26,Akash3001,gaaagccaaacagtgggggaaagccctacgaaccactgaacaaatggcactagtaaactg
lbcasDNAtarget27,Akash3001,ataccacatcatccatatagctgaaagccaaacagtgggggaaagccctacgaaccactg
lbcasDNAtarget28,Akash3001,acttggcccccaataccacatcatccatatagctgaaagccaaacagtgggggaaagccc
lbcasDNAtarget29,Akash3001,gtacagacttggcccccaataccacatcatccatatagctgaaagccaaacagtggggga
lbcasDNAtarget30,Akash3001,atgtatacccagagacaaaagaaaattggtaacagcggtataaagggactcacgatgctg
lbcasDNAtarget31,Akash3001,ttgttttgttagggtttaaatgtatacccagagacaaaagaaaattggtaacagcggtat
lbcasDNAtarget32,Akash3001,tttgttttgttagggtttaaatgtatacccagagacaaaagaaaattggtaacagcggta
lbcasDNAtarget33,Akash3001,ttttgttttgttagggtttaaatgtatacccagagacaaaagaaaattggtaacagcggt
lbcasDNAtarget34,Akash3001,tctttttgttttgttagggtttaaatgtatacccagagacaaaagaaaattggtaacagc
lbcasDNAtarget35,Akash3001,atctttttgttttgttagggtttaaatgtatacccagagacaaaagaaaattggtaacag
lbcasDNAtarget36,Akash3001,ccaattttcttttgtctctgggtatacatttaaaccctaacaaaacaaaaagatggggtt
lbcasDNAtarget37,Akash3001,caattttcttttgtctctgggtatacatttaaaccctaacaaaacaaaaagatggggtta
lbcasDNAtarget38,Akash3001,tttcttttgtctctgggtatacatttaaaccctaacaaaacaaaaagatggggttattcc
lbcasDNAtarget39,Akash3001,ttcttttgtctctgggtatacatttaaaccctaacaaaacaaaaagatggggttattccc
lbcasDNAtarget40,Akash3001,tcttttgtctctgggtatacatttaaaccctaacaaaacaaaaagatggggttattccct
lbcasDNAtarget41,Akash3001,agtttagggaataaccccatctttttgttttgttagggtttaaatgtatacccagagaca
lbcasDNAtarget42,Akash3001,catttaaaccctaacaaaacaaaaagatggggttattccctaaacttcatgggttacata
lbcasDNAtarget43,Akash3001,aattggaagttggggaacattgccacaggatcatattgtacaaaagatcaaacactgttt
lbcasDNAtarget44,Akash3001,attggaagttggggaacattgccacaggatcatattgtacaaaagatcaaacactgtttt
lbcasDNAtarget45,Akash3001,gttggggaacattgccacaggatcatattgtacaaaagatcaaacactgttttagaaaac
lbcasDNAtarget46,Akash3001,ccacaggatcatattgtacaaaagatcaaacactgttttagaaaacttcctgttaacagg
lbcasDNAtarget47,Akash3001,cacaggatcatattgtacaaaagatcaaacactgttttagaaaacttcctgttaacaggc
lbcasDNAtarget48,Akash3001,atactttccaatcaataggcctgttaacaggaagttttctaaaacagtgtttgatctttt
lbcasDNAtarget49,Akash3001,catactttccaatcaataggcctgttaacaggaagttttctaaaacagtgtttgatcttt
lbcasDNAtarget50,Akash3001,actgttttagaaaacttcctgttaacaggcctattgattggaaagtatgtcaaagaattg
lbcasDNAtarget51,Akash3001,aaaacttcctgttaacaggcctattgattggaaagtatgtcaaagaattgtgggtctttt
lbcasDNAtarget52,Akash3001,ggcaggatatccacattgtgtaaatggagcagcaaagcccaaaagacccacaattctttg
lbcasDNAtarget53,Akash3001,aggcaggatatccacattgtgtaaatggagcagcaaagcccaaaagacccacaattcttt
lbcasDNAtarget54,Akash3001,ggcattaaggcaggatatccacattgtgtaaatggagcagcaaagcccaaaagacccaca
lbcasDNAtarget55,Akash3001,tgtatacatgcatacaaaggcattaaggcaggatatccacattgtgtaaatggagcagca
lbcasDNAtarget56,Akash3001,gatatcctgccttaatgcctttgtatgcatgtatacaagctaaacaggctttcactttct
lbcasDNAtarget57,Akash3001,gcgagaaagtgaaagcctgtttagcttgtatacatgcatacaaaggcattaaggcaggat
lbcasDNAtarget58,Akash3001,actgtttacttagaaaggccttgtaagttggcgagaaagtgaaagcctgtttagcttgta
lbcasDNAtarget59,Akash3001,tcatgtactgtttacttagaaaggccttgtaagttggcgagaaagtgaaagcctgtttag
lbcasDNAtarget60,Akash3001,aggctttcactttctcgccaacttacaaggcctttctaagtaaacagtacatgaaccttt
lbcasDNAtarget61,Akash3001,tgccgagcaacggggtaaaggttcatgtactgtttacttagaaaggccttgtaagttggc
lbcasDNAtarget62,Akash3001,aaacacttggcacagaccaggccgttgccgagcaacggggtaaaggttcatgtactgttt
lbcasDNAtarget63,Akash3001,tggcctatggccaagccccagccagtgggggttgcgtcagcaaacacttggcacagacca
lbcasDNAtarget64,Akash3001,gcggctaggagttccgcagtatggatcggcagaggagccacaaaggttccacgcatgcgc
lbcasDNAtarget65,Akash3001,gaactcctagccgcttgttttgctcgcagccggtctggagcaaagctcatcggaactgac
lbcasDNAtarget66,Akash3001,tgtcagttccgatgagctttgctccagaccggctgcgagcaaaacaagcggctaggagtt
lbcasDNAtarget67,Akash3001,ttgtcagttccgatgagctttgctccagaccggctgcgagcaaaacaagcggctaggagt
lbcasDNAtarget68,Akash3001,caaagctcatcggaactgacaattctgtcgtcctctcgcggaaatatacatcgtttccat
lbcasDNAtarget69,Akash3001,ccgcgaaggatccagttggcagtacagcctagcagccatggaaacgatgtatatttccgc
lbcasDNAtarget70,Akash3001,gaggggtcgtccgcgggattcagcgccgacgggacgtaaacaaaggacgtcccgcgaagg
lbcasDNAtarget71,Akash3001,ccgagaggggtcgtccgcgggattcagcgccgacgggacgtaaacaaaggacgtcccgcg
lbcasDNAtarget72,Akash3001,acggaccggcagatgagaaggcacagacggggagaccgcgtaaagagaggtgcgccccgt
lbcasDNAtarget73,Akash3001,gactcccagcaatgtcaacgaccgaccttgaggcctacttcaaagactgtgtgtttaagg
lbcasDNAtarget74,Akash3001,acctttaacctaatctcctcccccagctcctcccagtccttaaacacacagtctttgaag
lbcasDNAtarget75,Akash3001,gtgtttaaggactgggaggagctgggggaggagattaggttaaaggtctttgtattagga
lbcasDNAtarget76,Akash3001,agattaggttaaaggtctttgtattaggaggctgtaggcataaattggtctgcgcaccag
lbcasDNAtarget77,Akash3001,gctggtgcgcagaccaatttatgcctacagcctcctaatacaaagacctttaacctaatc
lbcasDNAtarget78,Akash3001,aacagtgggacatgtacaagagatgattaggcagaggtgaaaaagttgcatggtgctggt
lbcasDNAtarget79,Akash3001,gaacagtgggacatgtacaagagatgattaggcagaggtgaaaaagttgcatggtgctgg
lbcasDNAtarget80,Akash3001,tgaacagtgggacatgtacaagagatgattaggcagaggtgaaaaagttgcatggtgctg
lbcasDNAtarget81,Akash3001,agtagctccaaattctttataagggtcaatgtccatgccccaaagccacccaaggcacag
lbcasDNAtarget82,Akash3001,tgtgccttgggtggctttggggcatggacattgacccttataaagaatttggagctactg
lbcasDNAtarget83,Akash3001,aagtcagaaggcaaaaacgagagtaactccacagtagctccaaattctttataagggtca
lbcasDNAtarget84,Akash3001,tctaggagatctctgacggaaggaaagaagtcagaaggcaaaaacgagagtaactccaca
lbcasDNAtarget85,Akash3001,gtctaggagatctctgacggaaggaaagaagtcagaaggcaaaaacgagagtaactccac
lbcasDNAtarget86,Akash3001,tgtctaggagatctctgacggaaggaaagaagtcagaaggcaaaaacgagagtaactcca
lbcasDNAtarget87,Akash3001,tacagagctgaggcggtgtctaggagatctctgacggaaggaaagaagtcagaaggcaaa
lbcasDNAtarget88,Akash3001,taacataattgactactagatccctggatgctggatcttccaaattattacccacccagg
lbcasDNAtarget89,Akash3001,agggatctagtagtcaattatgttaatactaacatgggtttaaagatcaggcaactattg
lbcasDNAtarget90,Akash3001,taaggcaagatatatgaaaccacaatagttgcctgatctttaaacccatgttagtattaa
lbcasDNAtarget91,Akash3001,tcaagtacagtctctcttccaaaagtaaggcaagatatatgaaaccacaatagttgcctg
lbcasDNAtarget92,Akash3001,ctccgaaagagaccaaatattcaagtacagtctctcttccaaaagtaaggcaagatatat
lbcasDNAtarget93,Akash3001,actccgaaagagaccaaatattcaagtacagtctctcttccaaaagtaaggcaagatata
lbcasDNAtarget94,Akash3001,tataggctggaggagtgcgaatccacactccgaaagagaccaaatattcaagtacagtct
lbcasDNAtarget95,Akash3001,ttggtggtctataggctggaggagtgcgaatccacactccgaaagagaccaaatattcaa
lbcasDNAtarget96,Akash3001,ttcggagtgtggattcgcactcctccagcctatagaccaccaaatgcccctatcttatca
lbcasDNAtarget97,Akash3001,ctatagaccaccaaatgcccctatcttatcaacacttccggaaactactgttgttagacg
lbcasDNAtarget98,Akash3001,gggaatctcaatgttagtattccttggactcataaggtgggaaactttactgggctttat
lbcasDNAtarget99,Akash3001,tcaggattaaagataggtactgtagaggaataaagcccagtaaagtttcccaccttatga
lbcasDNAtarget100,Akash3001,agtttgccattcaggattaaagataggtactgtagaggaataaagcccagtaaagtttcc
lbcasDNAtarget101,Akash3001,gctttattcctctacagtacctatctttaatcctgaatggcaaactccttcctttcctaa
lbcasDNAtarget102,Akash3001,aaatgaatcttaggaaaggaaggagtttgccattcaggattaaagataggtactgtagag
lbcasDNAtarget103,Akash3001,tgacacctattaataatgtcctcttgtaaatgaatcttaggaaaggaaggagtttgccat
lbcasDNAtarget104,Akash3001,ggcccacaaattgttgacacctattaataatgtcctcttgtaaatgaatcttaggaaagg
lbcasDNAtarget105,Akash3001,attattaataggtgtcaacaatttgtgggccctctcactgtaaatgaaaagagaagattg
lbcasDNAtarget106,Akash3001,aatttcaatcttctcttttcatttacagtgagagggcccacaaattgttgacacctatta
lbcasDNAtarget107,Akash3001,taataggtgtcaacaatttgtgggccctctcactgtaaatgaaaagagaagattgaaatt
lbcasDNAtarget108,Akash3001,aataggtgtcaacaatttgtgggccctctcactgtaaatgaaaagagaagattgaaatta
lbcasDNAtarget109,Akash3001,aatttgtgggccctctcactgtaaatgaaaagagaagattgaaattaattatgcctgcta
lbcasDNAtarget110,Akash3001,tgaaattaattatgcctgctagattctatcctacccacactaaatatttgcccttagaca
lbcasDNAtarget111,Akash3001,ctagattctatcctacccacactaaatatttgcccttagacaaaggaattaaaccttatt
lbcasDNAtarget112,Akash3001,atcctacccacactaaatatttgcccttagacaaaggaattaaaccttattatccagatc
lbcasDNAtarget113,Akash3001,cctgatctggataataaggtttaattcctttgtctaagggcaaatatttagtgtgggtag
lbcasDNAtarget114,Akash3001,taaaccttattatccagatcaggtagttaatcattacttccaaaccagacattatttaca
lbcasDNAtarget115,Akash3001,tttccctcttatatagaataccagccttccaaagagtatgtaaataatgtctggtttgga
lbcasDNAtarget116,Akash3001,gctacgtgtggtttccctcttatatagaataccagccttccaaagagtatgtaaataatg
lbcasDNAtarget117,Akash3001,tttacatactctttggaaggctggtattctatataagagggaaaccacacgtagcgcatc
lbcasDNAtarget118,Akash3001,ccatgctgtagctcttgttcccaagaatatggtgacccgcaaaatgatgcgctacgtgtg
lbcasDNAtarget119,Akash3001,cccatgctgtagctcttgttcccaagaatatggtgacccgcaaaatgatgcgctacgtgt
lbcasDNAtarget120,Akash3001,attcttgggaacaagagctacagcatgggaggttggtcatcaaaacctcgcaaaggcatg
lbcasDNAtarget121,Akash3001,ttcttgggaacaagagctacagcatgggaggttggtcatcaaaacctcgcaaaggcatgg
lbcasDNAtarget122,Akash3001,acaagagctacagcatgggaggttggtcatcaaaacctcgcaaaggcatggggacgaatc
lbcasDNAtarget123,Akash3001,caactgatgatcgggaaagaatcccagagggttgggaacagaaagattcgtccccatgcc
lbcasDNAtarget124,Akash3001,tttgagttggctccgaatgcagggtccaactgatgatcgggaaagaatcccagagggttg
lbcasDNAtarget125,Akash3001,tttcccgatcatcagttggaccctgcattcggagccaactcaaacaatccagattgggac
lbcasDNAtarget126,Akash3001,cactgtggtcaatatgccctgagcctgagggctccaccccaaaataccgccgtgtggagg
lbcasDNAtarget127,Akash3001,acactgtggtcaatatgccctgagcctgagggctccaccccaaaataccgccgtgtggag
